geolocation,full_address
"29.496038452039212, -98.57122835711658","1751 Babcock Rd, San Antonio, TX 78229"
"29.759710874456367, -95.60718920632674","1200 S Dairy Ashford Rd, Houston, TX 77077"
"29.503182371777385, -98.69816296519653","7106 Culebra Commons, San Antonio, TX 78250"
